regime,n,positive_frequency,mean,median,p05,p95,mean_ci_low,mean_ci_high,positive_ci_low,positive_ci_high,mean_adverse,difference_from_all,evidence,feature_set,episodes_in_segment,horizon
All sampled dates,25,0.52,0.007033417188878892,0.002052994290600907,-0.058788334708174926,0.0677625772749585,-0.0211167279966614,0.03072924923546692,0.32,0.72,-0.0390001303328414,0.0,Limited sample,Price only,67,7
Expansion,6,0.3333333333333333,-0.0006204876664553197,-0.0010592454179310096,-0.054420109071412925,0.05794240550990831,-0.029467452242663957,0.02523965412479749,0.0,0.5,-0.03390696919999653,-0.007653904855334212,Limited sample,Price only,14,7
Firm / mixed,14,0.6428571428571429,0.012458091113886571,0.012714832204328896,-0.08749541131129368,0.1269664387623016,-0.029702928323280905,0.05452884891531704,0.35714285714285715,0.8571428571428571,-0.04164759295417107,0.0054246739250076795,Limited sample,Price only,28,7
Soft / mixed,5,0.4,0.0010290160252584446,-0.004958897597924894,-0.04054999802864108,0.04210696951254311,-0.02054143079255235,0.018440500238742063,0.0,0.6,-0.03769902835253218,-0.006004401163620447,Limited sample,Price only,25,7
All sampled dates,25,0.52,0.007033417188878892,0.002052994290600907,-0.058788334708174926,0.0677625772749585,-0.0211167279966614,0.03072924923546692,0.32,0.72,-0.0390001303328414,0.0,Limited sample,Price + derivatives,62,7
Defensive,2,0.5,0.0054385089128930475,0.0054385089128930475,-0.02383631013341881,0.0347133279592049,,,,,-0.04258318647462894,-0.0015949082759858443,Limited sample,Price + derivatives,7,7
Firm / mixed,5,0.4,-0.00504841374859395,-0.0009457925741771511,-0.05513353146321465,0.041367257900957945,-0.02527429605126317,0.015177468554075268,0.2,0.6,-0.03145772039060781,-0.01208183093747284,Limited sample,Price + derivatives,26,7
Soft / mixed,18,0.5555555555555556,0.010566693368841997,0.006264664513171647,-0.07120581234919059,0.09341116731040694,-0.03199529914729063,0.048823303013764155,0.2777777777777778,0.8333333333333334,-0.040697126856596565,0.0035332761799631053,Limited sample,Price + derivatives,29,7
All sampled dates,25,0.52,0.007033417188878892,0.002052994290600907,-0.058788334708174926,0.0677625772749585,-0.0211167279966614,0.03072924923546692,0.32,0.72,-0.0390001303328414,0.0,Limited sample,Price + derivatives + on-chain,45,7
Defensive,14,0.6428571428571429,0.023535559951163996,0.012714832204328896,-0.044649819190616565,0.1269664387623016,-0.001852036447730336,0.05318656772151778,0.42857142857142855,0.8571428571428571,-0.029101851169524486,0.016502142762285104,Limited sample,Price + derivatives + on-chain,18,7
Firm / mixed,6,0.3333333333333333,-0.0038420629505531156,-0.0010592454179310096,-0.054420109071412925,0.04344531673146823,-0.024785992752790437,0.018662558586734046,0.0,0.5,-0.03441644321486111,-0.010875480139432007,Limited sample,Price + derivatives + on-chain,11,7
Soft / mixed,5,0.4,-0.02612200637820099,-0.004958897597924894,-0.1211323324674017,0.03451979222451884,-0.08252378152594761,0.022488502172231906,0.0,0.8,-0.07221573653170513,-0.033155423567079886,Limited sample,Price + derivatives + on-chain,16,7
All sampled dates,12,0.5833333333333334,0.017176739077567543,0.021449602047057814,-0.10006759406126436,0.1278833046677638,-0.03421729090376482,0.06387093001010828,0.25,0.9166666666666666,-0.05252619715174749,0.0,Limited sample,Price only,67,14
Expansion,2,1.0,0.048936727399337965,0.048936727399337965,0.034854065263153954,0.06301938953552197,,,,,-0.010498318171593857,0.03175998832177042,Limited sample,Price only,14,14
Firm / mixed,8,0.5,0.01744886094808809,0.008873526131367215,-0.10288023279892096,0.15341463384467174,-0.05363006795626571,0.08564136077226,0.125,0.875,-0.0628326334930058,0.0002721218705205482,Limited sample,Price only,28,14
Soft / mixed,2,0.5,-0.01567173672628508,-0.01567173672628508,-0.04535789501849306,0.014014421565922894,,,,,-0.05332833076686788,-0.032848475803852625,Limited sample,Price only,25,14
All sampled dates,12,0.5833333333333334,0.017176739077567543,0.021449602047057814,-0.10006759406126436,0.1278833046677638,-0.03421729090376482,0.06387093001010828,0.25,0.9166666666666666,-0.05252619715174749,0.0,Limited sample,Price + derivatives,62,14
Defensive,1,1.0,0.01731288359839045,0.01731288359839045,0.01731288359839045,0.01731288359839045,,,,,-0.04264309334921679,0.00013614452082290687,Limited sample,Price + derivatives,7,14
Firm / mixed,1,1.0,0.033289325025800176,0.033289325025800176,0.033289325025800176,0.033289325025800176,,,,,-0.019475606272341905,0.016112585948232633,Limited sample,Price + derivatives,26,14
Soft / mixed,10,0.5,0.015551866030661988,0.008873526131367215,-0.10147391343009265,0.1406489692562177,-0.04816346933970963,0.07908414643463112,0.2,0.8,-0.05681956661994112,-0.0016248730469055547,Limited sample,Price + derivatives,29,14
All sampled dates,12,0.5833333333333334,0.017176739077567543,0.021449602047057814,-0.10006759406126436,0.1278833046677638,-0.03421729090376482,0.06387093001010828,0.25,0.9166666666666666,-0.05252619715174749,0.0,Limited sample,Price + derivatives + on-chain,45,14
Defensive,8,0.75,0.0429336955173536,0.045085225134300466,-0.0636741958675458,0.15341463384467174,0.0017896384683265126,0.08727575861683146,0.5,1.0,-0.04066951532449489,0.025756956439786056,Limited sample,Price + derivatives + on-chain,18,14
Firm / mixed,2,0.5,0.009555006216381168,0.009555006216381168,-0.011805880712095939,0.030915893144858275,,,,,-0.021570238934510155,-0.007621732861186375,Limited sample,Price + derivatives + on-chain,11,14
Soft / mixed,2,0.0,-0.07822935382039031,-0.07822935382039031,-0.10484505091287705,-0.05161365672790358,,,,,-0.13090888267799522,-0.09540609289795786,Limited sample,Price + derivatives + on-chain,16,14
All sampled dates,5,0.8,0.009510940110371213,0.01695528397741386,-0.1343968215664721,0.11238392505659113,-0.09624617414276779,0.09080981254908593,0.4,1.0,-0.0892905578010337,0.0,Limited sample,Price only,67,30
Expansion,1,1.0,0.01695528397741386,0.01695528397741386,0.01695528397741386,0.01695528397741386,,,,,-0.018281717757959948,0.007444343867042647,Limited sample,Price only,14,30
Firm / mixed,1,1.0,0.014871143725861735,0.014871143725861735,0.014871143725861735,0.014871143725861735,,,,,-0.10129245285954802,0.005360203615490522,Limited sample,Price only,28,30
Soft / mixed,3,0.6666666666666666,0.00524275761619349,0.06261623922319615,-0.1482808076782804,0.1186048857857655,,,,,-0.1089595394625535,-0.004268182494177723,Limited sample,Price only,25,30
All sampled dates,5,0.8,0.009510940110371213,0.01695528397741386,-0.1343968215664721,0.11238392505659113,-0.09624617414276779,0.09080981254908593,0.4,1.0,-0.0892905578010337,0.0,Limited sample,Price + derivatives,62,30
Defensive,1,1.0,0.12482584651493989,0.12482584651493989,0.12482584651493989,0.12482584651493989,,,,,-0.04264309334921679,0.11531490640456868,Limited sample,Price + derivatives,7,30
Firm / mixed,2,1.0,0.039785761600305,0.039785761600305,0.019238331739702973,0.06033319146090703,,,,,-0.031994659259531655,0.03027482148993379,Limited sample,Price + derivatives,26,30
Soft / mixed,2,0.5,-0.07842133458184691,-0.07842133458184691,-0.1623845650587847,0.005541895895090862,,,,,-0.1699101885684442,-0.08793227469221812,Limited sample,Price + derivatives,29,30
All sampled dates,5,0.8,0.009510940110371213,0.01695528397741386,-0.1343968215664721,0.11238392505659113,-0.09624617414276779,0.09080981254908593,0.4,1.0,-0.0892905578010337,0.0,Limited sample,Price + derivatives + on-chain,45,30
Defensive,4,1.0,0.05481712836035291,0.039785761600305,0.015183764763594555,0.11549440542117831,,,,,-0.05198121618195703,0.04530618824998169,Limited sample,Price + derivatives + on-chain,18,30
Soft / mixed,1,0.0,-0.17171381288955556,-0.17171381288955556,-0.17171381288955556,-0.17171381288955556,,,,,-0.23852792427734038,-0.18122475299992677,Limited sample,Price + derivatives + on-chain,16,30
